{
    "loss": 0.7359178066253662,
    "accuracy": 0.8999999761581421
}