{
    "loss": 0.6163779497146606,
    "accuracy": 0.8999999761581421
}